PH030000000,PH035400000,PH035408000,PH035408001,Balantacan,Lubao,Pampanga,Region III,"35408001",5117.252,1454532.552,120.560,14.894
PH030000000,PH035400000,PH035408000,PH035408002,Bancal Sinubli,Lubao,Pampanga,Region III,"35408002",16272.733,7370440.888,120.602,14.861
PH030000000,PH035400000,PH035408000,PH035408003,Bancal Pugad,Lubao,Pampanga,Region III,"35408003",20809.810,9387069.952,120.584,14.836
PH030000000,PH035400000,PH035408000,PH035408004,Baruya (San Rafael),Lubao,Pampanga,Region III,"35408004",21961.385,19417001.190,120.539,14.856
PH030000000,PH035400000,PH035408000,PH035408005,Calangain,Lubao,Pampanga,Region III,"35408005",8667.921,3746759.860,120.551,14.887
PH030000000,PH035400000,PH035408000,PH035408006,Concepcion,Lubao,Pampanga,Region III,"35408006",9928.613,4161478.030,120.583,14.947
PH030000000,PH035400000,PH035408000,PH035408007,Del Carmen,Lubao,Pampanga,Region III,"35408007",7262.238,2706794.027,120.558,14.934
PH030000000,PH035400000,PH035408000,PH035408008,De La Paz,Lubao,Pampanga,Region III,"35408008",6028.279,2222731.521,120.528,14.934
PH030000000,PH035400000,PH035408000,PH035408009,Don Ignacio Dimson,Lubao,Pampanga,Region III,"35408009",8231.184,2706004.534,120.585,14.969
PH030000000,PH035400000,PH035408000,PH035408010,Lourdes (Lauc Pau),Lubao,Pampanga,Region III,"35408010",5883.402,1844487.624,120.533,14.895
PH030000000,PH035400000,PH035408000,PH035408010,Lourdes (Lauc Pau),Lubao,Pampanga,Region III,"35408010",5883.402,1844487.624,120.532,14.893
PH030000000,PH035400000,PH035408000,PH035408011,Prado Siongco,Lubao,Pampanga,Region III,"35408011",11815.151,4262462.145,120.508,14.885
PH030000000,PH035400000,PH035408000,PH035408012,Remedios,Lubao,Pampanga,Region III,"35408012",11153.135,3337276.187,120.588,14.913
PH030000000,PH035400000,PH035408000,PH035408013,San Agustin,Lubao,Pampanga,Region III,"35408013",6238.279,2302173.683,120.580,14.929
PH030000000,PH035400000,PH035408000,PH035408014,San Antonio,Lubao,Pampanga,Region III,"35408014",6098.092,1787962.367,120.574,14.940
PH030000000,PH035400000,PH035408000,PH035408015,San Francisco,Lubao,Pampanga,Region III,"35408015",9065.908,2307579.510,120.549,14.962
PH030000000,PH035400000,PH035408000,PH035408016,San Isidro,Lubao,Pampanga,Region III,"35408016",7093.780,2545817.603,120.524,14.888
PH030000000,PH035400000,PH035408000,PH035408017,San Jose Apunan,Lubao,Pampanga,Region III,"35408017",3785.799,896224.091,120.574,14.964
PH030000000,PH035400000,PH035408000,PH035408018,San Jose Gumi,Lubao,Pampanga,Region III,"35408018",22343.891,14073460.830,120.588,14.880
PH030000000,PH035400000,PH035408000,PH035408019,San Juan (Pob.),Lubao,Pampanga,Region III,"35408019",6824.943,1529202.342,120.603,14.930
PH030000000,PH035400000,PH035408000,PH035408020,San Matias,Lubao,Pampanga,Region III,"35408020",5851.451,1965532.764,120.587,14.956
PH030000000,PH035400000,PH035408000,PH035408021,San Miguel,Lubao,Pampanga,Region III,"35408021",9886.773,3881533.233,120.552,14.946
PH030000000,PH035400000,PH035408000,PH035408022,San Nicolas 1st (Pob.),Lubao,Pampanga,Region III,"35408022",5835.696,1580003.865,120.605,14.940
PH030000000,PH035400000,PH035408000,PH035408023,San Nicolas 2nd,Lubao,Pampanga,Region III,"35408023",3147.972,497398.805,120.587,14.935
PH030000000,PH035400000,PH035408000,PH035408024,San Pablo 1st,Lubao,Pampanga,Region III,"35408024",4662.773,1017346.733,120.520,14.928
PH030000000,PH035400000,PH035408000,PH035408025,San Pablo 2nd,Lubao,Pampanga,Region III,"35408025",8395.995,3702739.140,120.539,14.920
PH030000000,PH035400000,PH035408000,PH035408026,San Pedro Palcarangan,Lubao,Pampanga,Region III,"35408026",8657.817,3412862.808,120.513,14.918
PH030000000,PH035400000,PH035408000,PH035408027,San Pedro Saug,Lubao,Pampanga,Region III,"35408027",6911.626,2890950.745,120.526,14.912
PH030000000,PH035400000,PH035408000,PH035408029,San Roque Arbol,Lubao,Pampanga,Region III,"35408029",5208.914,1492319.781,120.540,14.902
PH030000000,PH035400000,PH035408000,PH035408030,San Roque Dau,Lubao,Pampanga,Region III,"35408030",8927.205,3357691.837,120.569,14.976
PH030000000,PH035400000,PH035408000,PH035408031,San Vicente,Lubao,Pampanga,Region III,"35408031",8285.058,1782083.182,120.561,14.953
PH030000000,PH035400000,PH035408000,PH035408032,Santa Barbara,Lubao,Pampanga,Region III,"35408032",7118.604,1237629.285,120.600,14.926
PH030000000,PH035400000,PH035408000,PH035408032,Santa Barbara,Lubao,Pampanga,Region III,"35408032",7118.604,1237629.285,120.590,14.927
PH030000000,PH035400000,PH035408000,PH035408033,Santa Catalina,Lubao,Pampanga,Region III,"35408033",7881.861,3053135.225,120.597,14.919
PH030000000,PH035400000,PH035408000,PH035408034,Santa Cruz,Lubao,Pampanga,Region III,"35408034",15444.728,10165112.670,120.564,14.907
PH030000000,PH035400000,PH035408000,PH035408035,Santa Lucia (Pob.),Lubao,Pampanga,Region III,"35408035",4650.225,876426.346,120.607,14.933
PH030000000,PH035400000,PH035408000,PH035408036,Santa Maria,Lubao,Pampanga,Region III,"35408036",4644.300,1073301.893,120.570,14.924
PH030000000,PH035400000,PH035408000,PH035408037,Santa Monica,Lubao,Pampanga,Region III,"35408037",8769.263,2974067.817,120.604,14.960
PH030000000,PH035400000,PH035408000,PH035408038,Santa Rita,Lubao,Pampanga,Region III,"35408038",7335.400,2073060.101,120.537,14.940
PH030000000,PH035400000,PH035408000,PH035408040,Santa Teresa 1st,Lubao,Pampanga,Region III,"35408040",7932.979,2114589.557,120.552,14.926
PH030000000,PH035400000,PH035408000,PH035408041,Santa Teresa 2nd,Lubao,Pampanga,Region III,"35408041",21852.774,14066778.970,120.564,14.859
PH030000000,PH035400000,PH035408000,PH035408042,Santiago,Lubao,Pampanga,Region III,"35408042",9026.442,3651269.410,120.515,14.900
PH030000000,PH035400000,PH035408000,PH035408043,Santo Domingo,Lubao,Pampanga,Region III,"35408043",8203.804,2122284.298,120.563,14.963
PH030000000,PH035400000,PH035408000,PH035408044,Santo Ni√±o (Prado Aruba),Lubao,Pampanga,Region III,"35408044",14940.874,5054639.101,120.508,14.870
PH030000000,PH035400000,PH035408000,PH035408045,Santo Tomas (Pob.),Lubao,Pampanga,Region III,"35408045",6631.132,2192493.505,120.601,14.950
PH030000000,PH035400000,PH035408000,PH035408046,Santo Cristo,Lubao,Pampanga,Region III,"35408046",3833.001,723390.846,120.529,14.948